번호,공고명,접수구분,구분,지원사업명,사업개요,날짜,주관부서,지원대상,사업내용
9238,(예비)사회적기업 일자리창출사업 재심사 참여기업 선정,마감,인력,2016년 2차 (예비)사회적기업 일자리창출사업 재심사 참여기업 선정 계획 공고,(예비)사회적기업 일자리창출사업 재심사 참여기업 선정,2016-06-29 ~ 2016-07-13,경상북도 일자리창출단(054-880-2621),일자리창출사업에 참여하고 있는 기업으로 계속지원을 신청한 기업,"ㅇ 지원내용 : 최저임금 수준의 참여근로자 인건비와 사업주부담 사회보험료(인건비 지원금의 9.33%) 일부
 

 ㅇ 지원기간 : 지원 약정서 상 명기된 지원 개시일로부터 ‘12개월’
 
 - 일자리창출사업 최대지원기간 : 5년
 
 - 예비사회적기업은 예비 지정일로부터 3년이내 최대지원기간은 2년
 
 - 사회적기업은 인증 후 최초 지원개시일로부터 5년이내 최대지원기간은 3년
 

 ㅇ 지원비율 : 일자리창출사업 참여연차별로 지원비율 차등적용"
9239,(예비)여성창업기업 대상 아이디어 발굴 및 기술개발 지원,마감,"R&D,창업",2016년 2차 창업성장기술개발사업 여성참여활성화과제 시행계획 공고,(예비)여성창업기업 대상 아이디어 발굴 및 기술개발 지원,2016-07-01 ~ 2016-08-04,중소기업기술정보진흥원(국번없이 1357),"창업 후 7년 이하이고 매출액 50억원 이하이거나 상시 근로자 수 50인 이하인 여성창업기업, 경력단절 여성고용 창업기업, 예비 (여성)창업팀","ㅇ 지원규모: 51억원 (50개 내외 지원)
 
 - R&D; 지원 투자의 효율성ㆍ투명성 확보를 위한 R&D; 바우처 제도 적용사업
 

 ㅇ 정부출연금 : 총 사업비의 80% 이내에서 최대 1년, 1억원까지 지원
 

 ㅇ 민간부담금 : 중소기업은 총 사업비의 20% 이상을 부담(민간부담금의 50% 이상은 현금으로 부담)"
9240,'2016 파리국제식품박람회' 참가 지원,마감,판로,2016 프랑스파리 국제식품박람회(SIAL PARIS 2016) 참가 지원계획 공고,'2016 파리국제식품박람회' 참가 지원,2016-07-01 ~ 2016-07-11,전라남도 국제협력관실 이정화(061-286-2453),전남 소재 중소기업,"ㅇ 전시회 개요
 
 - 개최기간 : ’16. 10. 16.(일) ～ 10. 20.(목) / 5일간
 
 - 장    소 : Paris Nord Villepinte - France
 
 - 규    모 : 100여개 국가관  5,800기업 참가 예상
 
 - 전시품목 : 건강음료, 과일주스, 가공 육류, 해산물, 가공유제품, 야채, 과일 등
 

 ㅇ 사업량 : 3개부스  5개사 내외
 

 ㅇ 사업비 : 45백만원(지특22.5, 도비 22.5)
 

 ㅇ 지원내용 : 부스 임차료, 통역비 전액"
9241,"창업기업 대상 전문가 멘토링, 사업모델) 개발, 투자유치 지원",마감,창업,2016년도 창업도약 패키지 지원사업 창업기업 모집(2회차),"창업기업 대상 전문가 멘토링, 사업모델) 개발, 투자유치 지원",2016-07-01 ~ 2016-08-25,창업진흥원 창업사업화부(042-480-4344~9),창업 3년이상 7년이내 기업,"ㅇ 지원규모(2016년도) : 100억원, 160개사 이내
 

 ㅇ 지원기간 : 3년
 

 ㅇ 지원내용
 
 - 사업모델(BM) 혁신과 경영전략 멘토링
 
 - 사업아이템 검증 및 보강
 
 - 판로개척 및 글로벌 시장진출
 
 - 투자유치 및 자금 지원·연계
 
 - 주관(협력)기관 제공 특화 프로그램"
9242,소상공인 대상 경영환경개선 지원,마감,판로,2016년 하반기 소상공인 경영환경개선사업 공고,소상공인 대상 경영환경개선 지원,2016-07-01 ~ 2016-07-08,경기 R&DB; 센터 1층 소상공인지원센터(031-888-0916),경기도 내 창업 6개월 이상된 소상공인 사업자,"ㅇ 지원내용 : 홍보물제작, 광고비, 점포 환경개선, POS경비 등 지원
 
 - 홍보물 : 전단지, 리플렛, 카다로그, 판촉물 제작 등
 
 - 홈페이지 : 홈페이지, 모바일웹 신규 또는 전면개편 제작 등
 
 - 제품포장 : 제품포장용기, 포장박스 제작 등
 
 - CI, BI : 기업이미지 및 제품브랜드용 로고 제작 등"
9243,"IT/SW기업 대상 제품테스팅, 컨설팅 및 인증취득 지원",마감,R&D,2016년 SW제품경쟁력 강화지원 사업 모집 공고,"IT/SW기업 대상 제품테스팅, 컨설팅 및 인증취득 지원",2016-07-01 ~ 2016-11-28,"충청북도지식산업진흥원 과학기술진흥본부 김이헌 대리(043-210-0856, kim2honey@cbkipa.net)","충북지역  IT/SW분야 중소기업 및 해당기업이 개발한 SW제품, 개발 프로세스","ㅇ SW 테스팅
 
 - 충북SW품질역량센터 내 테스팅 장비 무상 활용(HP LoadRunner)
 
 - 구축 장비 활용을 위한 전문 인력 지원
 

 ㅇ SW 컨설팅 : 품질인증컨설팅, 사업화컨설팅 등
 

 ㅇ SW 인증 취득
 
 - 지원규모 : 7개사 내외"
9244,‘2016 상해식품박람회’ 참가 지원,마감,판로,2016년 상해식품 박람회 한국관 참가업체 모집 공고,‘2016 상해식품박람회’ 참가 지원,2016-07-01 ~ 2016-07-28,한국무역협회 국제협력실(02-6000-5026/5543),국내 식품업체,"ㅇ 전시회 개요
 
 - 전시회명 : 상해식품박람회(FHC China 2016)
 
 - 전시장소 : 상해신국제박람중심(Shanghai New International Expo Centere(SNIEC))
 
 - 전시기간 : 2016. 11. 7(월) ~ 9(수), 3일간
 
 - 전시품목
 
 ㆍ 식음료 : 제과 제빵, 각종 씨리얼, 유제품, 과일 및 채소류, 냉동식품, 건강기능 식품, 육류, 해산물, 주류, 주스, 커피&티, 미네랄 워터 등
 
 ㆍ 호텔 및 식품기기 : 커피 관련 설비, 주방세척기구, 호텔 식자재, 오븐, 냉동설비, 주방 가구, 식탁보, 제과제빵 설비 등
 
 ㆍ 유통, 도/소매, 호텔, 레스토랑, 카페, 출장업체, 인테리어사, 정부, 관련 업체
 

 ㅇ 모집규모 : 10여개사
 

 ㅇ 지원 사항
 
 - 부스임차료(US$425/sqm) 50% 이내
 
 - 부스장치비(조명, 기본벽체, 바닥카펫, 쇼 케이스, 상담용 탁자, 의자 등) 50% 이내
 
 - 편도 해상운송료(1CBM) 100% 이내
 
 - 개인 체제비(항공 및 숙박)는 별도"
9245,(예비)창업자 대상 사업화 단계별 맞춤형 지원,마감,창업,2016년 4차 크리에이티브팩토리 사업화 단계별 맞춤형 지원과제 2단계 모집,(예비)창업자 대상 사업화 단계별 맞춤형 지원,2016-07-01 ~ 2016-07-15,크리에이티브팩토리 사업화지원팀 김지형 연구원(053-219-4000),예비창업자 및 창업기업의 대표자,"ㅇ 지원분야
 
 - 스마트기기(모바일, IT기기, 차세대 디바이스 등), 융합신제품(로봇, 의료기기, 드론, 스마트카 등) 등
 

 ㅇ 단계별 지원내용
 
 - 1단계, 아이디어 기획·구체화 : 아이디어에 대한 검증과 구체화 등을 통해 아이디어를 과제아이템화 할 수 있도록 지원(상시 공고)
 
 - 2단계, 제품 설계·디자인 : 창조적 아이디어의 제품화에 필요한 기술 지원을 통해 제품 구현 및 기술력 확보
 
 - 3단계, 시제품 개발·구현 : 성공적인 제품화를 위해 제품 개발에 투입되는 직접 비용에 대한 지원 (모집마감)
 
 - 4단계, 시장진출 : 아이디어의 제품화 후 성공적인 사업화 지원 (상시 공고)"
9246,고용창출 기여 중소기업 대상 인건비 지원,마감,인력,2016년 고용창출 지원사업(지역산업맞춤형 일자리 창출 지원사업),고용창출 기여 중소기업 대상 인건비 지원,2016-07-01 ~ 2016-07-08,대전상공회의소 기업서비스팀 전만기(042-480-3046),대전ㆍ세종 소재 중소기업,ㅇ 지원내용 : 인건비 일부 지원
9247,SW기업 대상 '글로벌 엑셀러레이팅 프로그램' 참가 지원,마감,"판로,인력",지역SW기업 중국진출 글로벌 엑셀러레이팅 프로그램 참가기업 모집 공고,SW기업 대상 '글로벌 엑셀러레이팅 프로그램' 참가 지원,2016-07-01 ~ 2016-07-11,"(재)대구디지털산업진흥원 SW성장지원팀 김미선 선임(053-655-1400, cutems0407@dip.or.kr)",대구 지역 SW기업,"ㅇ 사업기간 및 프로그램 운영
 
 - 기간 및 장소 : 2016. 8. 15 ~ 8. 18, 중국 상하이
 
 - 규모 : 지역SW기업 5개사 내외
 
 - 현지 방문을 통한 집체 교육
 

 ㅇ 지원내용 : 기업별 교육 참가비 전액 지원
 
 - 프로그램 교육 참가비 100%지원 및 현장운영 지원
 
 - 프로그램 운영을 위한 통역 별도지원
 
 - 항공, 숙박, 체재비 등 기업 자부담"
9248,스마트콘텐츠(앱) 관련 기업 대상 홍보물 제작 지원,마감,판로,2016년 스마트콘텐츠 지역 성장거점 구축사업 홍보물 제작 지원사업 추가모집 공고,스마트콘텐츠(앱) 관련 기업 대상 홍보물 제작 지원,2016-07-01 ~ 2016-07-11,"대전정보문화산업진흥원 ICT융합사업단 김상태 주임(042-479-4115, stkim@dicia.or.kr)",대전 소재 스마트콘텐츠(앱) 관련 기업,"ㅇ 사업기간 : 2016년 7월 ~ 9월 / 3개월
 

 ㅇ 지원내용
 
 - 마케팅을 위한 홍보물(카달로그, 브로셔, 동영상 등) 제작비용 지원"
9249,ICT 기업 대상 SW융합 사업화 지원,마감,R&D,2016년 SW융합클러스터사업 SW융합 사업화지원 지원기업 모집,ICT 기업 대상 SW융합 사업화 지원,2016-07-18 ~ 2016-07-19,"대전정보문화산업진흥원 ICT융합사업단 대리 이명희(042-479-4134, mhlee@dicia.or.kr)",대전소재 국방 및 ICT산업 관련 기업,"ㅇ 사업기간 : 협약체결 후 4개월간(2016. 8월 ~ 2016. 11월)
 

 ㅇ 지원내용
 
 - SW융합 R&D; 성과물의 기술이전을 위한 자금지원, 연구소 원천 기술 R&D;의 기업으로의 이전을 위한 자금지원, SW융합 성과물의 민간시장 진출을 위한 테스트베드 지원 등 사업화 지원 선택 또는 일괄지원"
9250,'일본 글로벌사업화협력센터(GCC)' 해외기술이전 사업화 컨설팅 지원,마감,"R&D,판로",2016년 3차 글로벌 기술사업화 컨설팅 지원사업 모집공고,'일본 글로벌사업화협력센터(GCC)' 해외기술이전 사업화 컨설팅 지원,2016-07-04 ~ 2016-07-29,"한국기술벤처재단 정책사업실 성수연 연구원(02-958-6689, eveofeden@kist.re.kr)",대일 기술집약적 제품 수출 및 기술이전 희망 중소ㆍ중견 기업,"ㅇ 지원조건 및 내용
 
 - 일본 진출전략 수립 및 자문
 
 - 기술마케팅 지원프로그램
 
 - 기술사업화 컨설팅
 
 - 거래성사 및 후속지원"
9251,인증사회적기업ㆍ사회적협동조합 대상 경영안정화 자금 융자,마감,자금,2016년 사회적경제기업 융자사업 공고,인증사회적기업ㆍ사회적협동조합 대상 경영안정화 자금 융자,2016-07-04 ~ 2016-12-31,대구지역 (사)커뮤니티와경제 (053-742-9637),대구 권역 소재 인증사회적기업ㆍ사회적협동조합,"ㅇ 대출금액 : 기업 당 5천만 원 한도
 

 ㅇ 대출금리 : 연2%
 

 ㅇ 대출기간 : 3년(36개월)
 

 ㅇ 상황방법 : 월 원리금 균등분할상환"
9252,"(예비)사회적기업 대상 인건비, 사회보험료 지원",마감,인력,2016년 2차 (예비)사회적기업 일자리창출사업 수행기업 신규 선정(모집) 계획,"(예비)사회적기업 대상 인건비, 사회보험료 지원",2016-07-01 ~ 2016-07-20,충남도청 경제산업실 경제정책과(041-635-3326),"충남지역 예비사회적기업, 고용노동부 장관 인증 사회적기업","ㅇ 지원규모 및 내용(일반인력 인건비 및 4대 보험료)
 
 - 지원인원 : 기업당 최소 1인 이상, 최대 50인까지 지원가능
 
 - 지원내용 : ‘최저임금 수준 인건비’ + ‘사업주부담 사회보험료(9.33%)’
 
 - 지원기간 : 지원 개시일부터 ‘12개월’
 
 - 최대지원기간 : 5년"
9253,2016년 2차 충남형 예비사회적기업 신규 지정,마감,판로,2016년 2차 충남형 예비사회적기업 신규 지정계획 공고,2016년 2차 충남형 예비사회적기업 신규 지정,2016-07-01 ~ 2016-07-20,충남도청 경제산업실 경제정책과(041-635-3326),충남 소재의 법인ㆍ조합ㆍ회사ㆍ단체 등,"ㅇ 지정기간 : 지정서 발급일로부터 3년
 

 ㅇ 지원내용
 
 - 일자리창출사업 참여자격 부여
 
 - 사업개발비 지원사업 참여자격 부여
 
 - 경영컨설팅 및 정보제공 등 경영지원
 
 - 공공기관에 예비사회적기업 제품‧서비스 우선구매 홍보 지원
 
 - (예비)사회적기업 아카데미, 제품전시회, 각종 판촉행사 등 참여기회 제공"
9254,초기창업기업 대상 맞춤형 사업화 지원,마감,창업,2016년 창업맞춤형 사업화 지원사업 창업기업 모집(연구원특화형/2회차),초기창업기업 대상 맞춤형 사업화 지원,2016-07-01 ~ 2016-08-25,"창업진흥원 창업사업화부(042-480-4344~9,4367,4376)",3년미만 창업기업,"ㅇ 지원규모 : 10개사 내외
 

 ㅇ 지원기간 : 3년
 

 ㅇ 기본 지원사항
 
 - 사업모델(BM) 개발ㆍ구축 및 경영전략 멘토링
 
 - 사업아이템 검증 및 개발
 
 - 시장진입(개척 및 확대), 네트워킹
 
 - 투자유치 및 자금지원ㆍ연계"
9255,"ICT 중소, 스타트업 대상 해외 인재채용 지원",마감,인력,2016년 ICT스타트업 해외 인재 채용 지원사업 추가모집 공고,"ICT 중소, 스타트업 대상 해외 인재채용 지원",2016-07-01 ~ 2016-08-11,"정보통신산업진흥원 글로벌사업단 글로벌기반팀 서성민 수석(043-931-5574, nuburi@nipa.kr)","1차 모집 공모 마감(‘16년 4월 29일) 이후 해외 전문 인력(해외 국적자) 채용 완료한 국내 ICT 기반의 중소, 스타트업","ㅇ 지원내용 : 해외 우수 인재의 단기채용(인턴쉽), 일반채용 시 인건비 지원
 
 - 단기채용(인턴쉽) : 3개월 이하의 단기 수요에 의한 외국인 채용
 
 - 일반채용 : 1년 이상의 장기 수요에 의한 해외 산업, 기술 전문 외국인 채용
 
 - 지원 관련 유의 사항
 
 ㆍ 대상 인력은 신규 채용에 한하며, 총인건비는 지원 기간 동안 급여의 총액으로 산정
 
 ㆍ 지원기업 당 최대 2명까지 외국인 채용·지원 가능
 
 ㆍ 해외 지사 근무를 위한 채용은 지원 대상에서 제외"
9256,유전체 사업 관련 연구개발비 지원,마감,R&D,2016년 포스트게놈 다부처유전체사업 신규지원 대상과제 공고,유전체 사업 관련 연구개발비 지원,2016-07-22 ~ 2016-08-04,"한국산업기술평가관리원 바이오나노융합팀(053-718-8223,8260)","기업부설연구소를 보유한 중소ㆍ중견기업, 기업, 대학, 연구기관, 외국기관 등","ㅇ 지원대상분야
 
 - 유전체산업 핵심기술 및 유전체 비즈니스화를 통한 신시장 창출이 가능한 분야 지원
 

 ㅇ 사업비 지원 규모 및 기간
 
 - 사업명 : 포스트게놈다부처유전체사업
 
 - 2016년 예산 : 21억원
 

 ㅇ 지원대상 과제 (RFP) 목록
 
 - 유전체 기반 면역항암치료반응 공공DB 구축 및 활용
 
 - 혈액기반 생체 검사를 위한 표적 유전자 선별 키트 개발
 
 - 환자 유래 암 오가노이드 기반 유전체-임상연계 항암제 효능평가 플랫폼 구축"
9257,중소기업 대상  제주마씸 참여기업 모집,마감,판로,2016년 상반기 제주마씸 참여기업 모집공고,중소기업 대상  제주마씸 참여기업 모집,2016-07-05 ~ 2016-07-18,제주자치도경제통상진흥원(064-751-3310),제주지역에서 생산되는 농수축임산물 및 동 가공품,"ㅇ 지원내용
 
 - 공동상표 「제주마씸」사용권 부여
 
 - 국내외 판로개척 지원
 
 ㆍ 「제주마씸」공동전시판매장 입점 지원
 
 ㆍ 홈쇼핑, 대형마트 등 유통업체 협력사업 지원 등
 
 - 「제주마씸」 및 참여기업 홍보지원"
9258,초기창업기업 대상 창업맞춤형 사업화 지원,마감,창업,2016년 창업맞춤형 사업화 지원사업 창업기업 모집(기관맞춤형/2회차),초기창업기업 대상 창업맞춤형 사업화 지원,2016-07-01 ~ 2016-08-25,"창업진흥원 창업사업화부(042-480-4344~9,4367,4376)",3년 미만 창업기업,"ㅇ 지원규모 : 96개사(예정)
 

 ㅇ 지원기간 : 3년
 

 ㅇ 기본 지원사항
 
 - 사업모델(BM) 개발ㆍ구축 및 경영전략 멘토링
 
 - 사업아이템 검증 및 개발
 
 - 시장진입(개척 및 확대), 네트워킹
 
 - 투자유치 및 자금지원ㆍ연계"
9259,2016 우수 수탁기업협의회 포상,마감,인력,2016년 우수 수탁기업협의회 포상계획 연장 공고,2016 우수 수탁기업협의회 포상,2016-06-01 ~ 2016-07-22,"대중소기업협력재단 거래공정화부 송상배(02-368-8451, ssb@win-win.or.kr)",수탁기업협의회 운영 활성화에 기여한 기업 및 개인,ㅇ 포상시기 : ‘2016 동반성장주간 기념식’에서 시상(11월 예정)
9260,2016년 제3회 중소기업 융합대전 정부포상,마감,인력,2016년 제3회 중소기업 융합대전 정부포상 연장 공고,2016년 제3회 중소기업 융합대전 정부포상,2016-07-01 ~ 2016-07-15,중소기업융합중앙회(042-331-0579),교류ㆍ협업 활성화에 기여한 유공자,"ㅇ 일시 및 장소 : 2016. 10. 19(수) 14시, 서울 더K호텔(그랜드볼룸)
 

 ㅇ 주요행사
 
 - 개막식 : 교류ㆍ협업 활성화 유공자 시상식 등
 
 - 부대행사 : 컨퍼런스, 신사업 IDEA플라자, 우수사례경진대회, 수출상담회
 
 - 부스운영 : 교류ㆍ협업 우수사례 전시회
 

 ㅇ 포상종류 : 정부포상, 장관표창, 중소기업청장표창 등 53점"
9261,SW융합 분야 예비창업자 대상 글로벌 컨설팅 지원,마감,판로,2016년 글로벌 창업 전문 코디네이팅 신청자 모집 공고,SW융합 분야 예비창업자 대상 글로벌 컨설팅 지원,2016-07-05 ~ 2016-12-31,"인천정보산업진흥원 SW융합부 최진성 책임(032-723-9803, star@inis.or.kr)",인천광역시 소재 글로벌 창업 및 진출희망 SW융합 분야 예비창업자,"ㅇ 사업기간 : 2016. 6월 ~ 2016. 12월
 

 ㅇ 코디네이터란 : 글로벌 마케팅, 기술개발, 판로개척 등 분야의 전문가로 기업을 진단하고 집중관리 및 조언하여 솔루션을 제공
 

 ㅇ 지원내용 : 기업 진단 후 해당 분야의 전문 코디네이터 지원
 

 ㅇ 지원항목 : 마케팅, 기술개발, 법률, 판로개척, 지적재산권 등
 

 ㅇ 지원방법
 
 - 신청자 1 : 1 코디네이터 매칭(1인당 최대 6시간 범위 내 지원)"
9262,'2016 아프리카 종합 무역사절단' 참가 지원,마감,판로,2016년 아프리카 종합 무역사절단 참가업체 모집 공고,'2016 아프리카 종합 무역사절단' 참가 지원,2016-07-13 ~ 2016-07-27,중소기업진흥공단 수출협력팀 정하진(055-212-1377),경상남도 소재 수출 중소기업,"ㅇ 무역사절단 개요
 
 - 명칭 : 2016 경남 아프리카 종합 무역사절단
 
 - 기간 : 2016. 10. 16(일) ~ 10. 22(토), 4박 7일간
 
 - 장소 : 남아프리카공화국(요하네스버그), 탄자니아(다레살람)
 
 - 전시품목 : 종합
 

 ㅇ 지원범위 : 상담장 임차, 바이어 발굴비, 통역비 50%, 편도항공료(1사1인)"
9263,'2016년 충남 신기술개발 벤처창업 경진대회' 개최,마감,창업,2016년 창업ㆍ투자 전문기관협력 벤처창업 경진대회 공고,'2016년 충남 신기술개발 벤처창업 경진대회' 개최,2016-07-01 ~ 2016-08-12,"충남테크노파크 지역산업육성실 정준용 선임(041-589-0621, dracon21@ctp.or.kr)","충남소재 BI입주기업 및 예비창업자, 창업초기기업","ㅇ 지원내용
 
 - 창업초기기업의 신제품 개발 및 사업화자금 지원(시제품제작, 제품ㆍ포장, 지식재산, 디자인개발 지원(마케팅) 등)
 
 ㆍ 지원금액 : 선정된 기업당 10백만원 이내 /총 12 ~ 15기업 내외 지원
 
 - 경진대회 입상기업에 투자전문기관(VC)과 연계한 투자설명회 참가자격 부여(경진대회 개최후 9월중 개최예정)"
9264,초기창업기업 대상 사업모델 개발 및 사업화 지원,마감,판로,마을기반 사회적경제 예비주체 발굴을 위한 위키서울 스타트업 지원사업 추진계획 공고,초기창업기업 대상 사업모델 개발 및 사업화 지원,2016-07-04 ~ 2016-07-18,서울특별시 사회적경제지원센터 마을기업팀(070-4267-5035),"설립 2년 이내의 법인, 회사, 협동조합 및 주민단체","ㅇ 사업내용 : 시범 사업형 최대 600만원, 모델 개발형 최대 300만원 지원
 

 ㅇ 필수 수행과제
 
 - 약정 체결전 진행하는 의제발굴/지역자원조사 교육에는 각 단체별 2인 이상 필수 참석
 
 - 팀별 2회 이상 지역 네트워킹 행사
 
 - 사업보고서, 정산보고서 등의 제출 및 사업성과 발표
 
 - 마을기업 설립전교육 이수 (사전 이수자 제외)"
9265,인천형 예비사회적기업으로 지정,마감,판로,2016년 2차 인천형 예비사회적기업 지정 신청 공고,인천형 예비사회적기업으로 지정,2016-07-01 ~ 2016-07-15,인천지역 사회적기업 지원기관(032-715-5561),인천시내 사회적기업 인증요건을 갖춘 기업,"ㅇ 인천형 예비사회적기업이란?
 
 - 사회적목적실현, 영업 활동을 통한 수익창출 등 사회적기업 인증을 위한 인증요건을 갖추고 있으나 수익구조 등 일부요건을 충족하지 못하고 있는 기업(조직)을 인천광역시장이 지정․육성할 경우 예비사회적기업으로 지정하여 사회적기업 인증이 가능하도록 육성하는 기업(조직)을 의미함
 

 ㅇ 지정기간 : 지정일로부터 3년
 

 ㅇ 지정혜택
 
 - 시의 예비사회적기업 재정지원사업(일자리창출사업비, 사업개발비)의 공모에 참여자격 부여
 
 - 공공기관 우선구매 홍보, 경영컨설팅 및 정보 제공 등"
9266,예비사회적기업 대상 맞춤형 경영컨설팅 지원,마감,판로,2016년 예비사회적기업 경영코칭 지원사업,예비사회적기업 대상 맞춤형 경영컨설팅 지원,2016-07-04 ~ 2016-07-15,"사회적기업연구원 사회적기업지원팀(051-517-0266, kdu@rise.or.kr)",부산권역 예비사회적기업,"ㅇ 지원내용 : 전문가 경영코칭 3일 자문료(자부담 없음)
 

 ㅇ 지원방법 : 경영자문단(전문가 POOL)이 예비사회적기업으로 직접 방문하여 기업진단 후 해당분야에 집중적으로 경영코칭 진행
 

 ㅇ 지원범위 : 경영전반 코칭(3일 이내에 수행 가능한 범위로 한정)
 
 - 사업계획 수립, 경영환경 분석, 홍보/마케팅 전략, 지원제도 활용, 사업타당성 분석, 네트워크 구축 등"
9267,'2016 한ㆍ중ㆍ일 산업박람회' 참가 지원,마감,판로,2016년 한ㆍ중ㆍ일 산업박람회 참가업체 모집 공고(생활세라믹스 해외판로 지원사업),'2016 한ㆍ중ㆍ일 산업박람회' 참가 지원,2016-07-01 ~ 2016-07-06,"한국세라믹기술원 기업협력센터(055-792-2767, changbo@kicet.re.kr)","국내 생활세라믹 및 인테리어용, 기타생활밀착형 세라믹분야 제품 생산 기업","ㅇ 전시회 개요
 
 - 명칭 : 2016 한ㆍ중ㆍ일 산업박람회(China, Japan and ROK Industries Expo 2016)
 
 - 기간 : 2016년 9월 23일(금) ~ 9월 25일(일) 3일간
 
 - 장소 : 산둥성 웨이팡시 국제컨벤션센터(중국)
 
 - 규모 : 전시면적 30,000㎡
 

 ㅇ 모집기업 : 5개
 

 ㅇ 지원내용
 
 - 전시회부스비, 부대시설비, 국제운송비등 제반 소요비용 지원(KICET지원)
 
 - 참여기업 대표(담당)자 1인 항공비, 숙식지원(한화국제무역유한공사 지원)"
9268,우수 융복합 공연 콘텐츠 제작 지원,마감,판로,2016년 2차 우수 융복합 공연 콘텐츠 제작 단계별 지원사업 공고(cel 스테이지 RISING STAR),우수 융복합 공연 콘텐츠 제작 지원,2016-07-20 ~ 2016-08-10,"한국콘텐츠진흥원 cel 인프라지원팀 김희종 주임(02-6441-3605, heejong-kim@kocca.kr)","융복합 공연 기획, 제작이 가능한 전 분야의 공연단체 및 기획사(사업자)","ㅇ 지원분야 : 콘텐츠, 문화예술 등 융복합 공연 가능한 전 분야
 

 ㅇ 지원기간 : 2016. 9 ~ 2017. 4 (8개월)
 

 ㅇ 지원내용
 
 - 융복합 공연 콘텐츠 제작비(국고)
 
 - 제작 수행기관 소속 참여인력 자체 인건비 (자부담)"
9269,‘유럽 스포츠용품 해외로드쇼’ 참가 지원,마감,판로,2016년 스포츠용품 해외로드쇼(수출상담회) 참가기업 모집 연장 공고,‘유럽 스포츠용품 해외로드쇼’ 참가 지원,2016-07-04 ~ 2016-07-08,국민체육진흥공단 시장개척팀(02-970-9665),스포츠용품 제조기업,"ㅇ 해외로드쇼 개최계획
 
 - 개최일정 : 2016. 10. 11(화) ~ 10. 19(수) / 7박 9일  ※ 세부일정은 파견기업 선정 후 안내
 
 - 개최지역 : 독일(함부르크), 벨기에(브뤼셀), 그리스(아테네)
 
 - 파견규모 : 7개사 내외
 

 ㅇ 지원내용
 
 - 현지 수출상담회 및 개별 방문상담 지원
 
 - 바이어 조사 및 상담주선, 편도운송비(1cbm), 현지 교통, 전담 상담통역 등 지원"
9270,중소ㆍ중견 제조기업 대상 스마트공장 솔루션 구축 및 컨설팅 지원,마감,R&D,2016년 3차 지역특화산업 공정혁신지원 및 스마트공장 확산사업 참여기업 모집 공고,중소ㆍ중견 제조기업 대상 스마트공장 솔루션 구축 및 컨설팅 지원,2016-07-04 ~ 2016-07-15,"(재)경남테크노파크 최민기 전임연구원(055-259-5018, baekrim79@gntp.or.kr)",경남에 위치한 항공산업 및 전ㆍ후방 연관 산업의 중소ㆍ중견 제조기업,"ㅇ 지원내용 : 생산공정 개선과 품질관리를 위한 스마트공장 솔루션구축 등
 
 - 참여기업에 대한 제조공정 분석 후 기업현장 및 수전에 따라 맞춤형으로 지원, ‘스마트공장의 수준별 구현 형태’ 중 기초~중간1단계를 중점적으로 지원
 

 ㅇ 지원규모 : 국비 최대 5천만원이하 지원
 

 ㅇ 지원기간 : 협약체결일 ~ ‘16. 12월말 이내"
9271,중소ㆍ중견기업 대상 웰니스식품 수혜기업 모집,마감,"R&D,판로",2016년 2차 지역주력산업육성사업(웰니스식품) 수혜기업모집 재공고,중소ㆍ중견기업 대상 웰니스식품 수혜기업 모집,2016-07-04 ~ 2016-07-15,"재)강릉과학산업진흥원 정재형(033-650-3370, jjhtwins@hanmail.net)",강원지역 내에 소재한 주력산업(웰니스식품) 전ㆍ후방 연관 제품ㆍ기술 분야 중소ㆍ중견기업,"ㅇ 세부사업내용
 
 - 품질 및 제품경쟁력 향상을 위한 인증지원
 
 - 국내외 시장주도를 위한 품질개선"
9272,2016년 전략산업 분야 해외전시(박람)회 개별 참가기업 모집,마감,판로,시흥시 2016년 전략산업 분야 해외전시(박람)회 개별 참가기업 모집 재공고,2016년 전략산업 분야 해외전시(박람)회 개별 참가기업 모집,2016-07-18 ~ 2016-07-22,시흥산업진흥원 전략산업팀 최지연 책임연구원(070-7784-3186),시흥시 소재 전략산업분야 중소기업,"ㅇ 지원한도 : 기업당 최대 4,300(천원)
 

 ㅇ 지원내용 : 해외전시회 개별 참가비 일부 지원
 
 - 지원범위 : 등록비, 부스임차료(3mx3m기준), 장치비, 설비비 등
 
 - 지원규모 : 참가비의 60% 내외, 총 5개사 내외"
9273,‘2016 한국자동차산업전시회(KOAASHOW)’ 참가 지원,마감,판로,시흥시 2016년 한국자동차산업전(KOAASHOW) 참여기업 모집 공고,‘2016 한국자동차산업전시회(KOAASHOW)’ 참가 지원,2016-07-06 ~ 2016-08-31,시흥산업진흥원 전략산업팀 최지연 책임연구원(070-7784-3186),시흥시 소재 자동차산업 관련 업체,"ㅇ 전시회 개요
 
 - 명    칭 : 2016 한국자동차산업전시회(KOAASHOW)
 
 - 전시기간 : 2016. 10. 19(수) ∼ 10. 21(금) / 3일간
 
 - 장    소 : 일산 킨텍스(KINTEX) - 경기도 고양시 소재
 
 - 전시품목 : 각종 OEM & After Market 자동차부품, 자동차 용품과 액세서리, 각종 공구와 정비기기, 생산설비 및 기계류, 검사장비, 인포테인먼트/IT 등 자동차산업 전반
 

 ㅇ 참가규모 : 10개사, 10개 부스(1부스의 규격은 12㎡임)
 

 ㅇ 지원내용 : 부스임차료 및 장치비, 공동관 설치 일체"
9274,‘달성군 2016 중동 종합 무역사절단’ 참가 지원,마감,판로,달성군 2016년 중동 종합 무역사절단 참가업체 모집안내,‘달성군 2016 중동 종합 무역사절단’ 참가 지원,2016-07-04 ~ 2016-07-15,중진공 대구지역본부 김보라(053-659-2536),대구 달성군 소재 수출 중소기업,"ㅇ 중동 종합무역사절단 개요
 
 - 파견지역 : 카이로(이집트), 쿠웨이트(쿠웨이트), 리야드(사우디아라비아)
 
 - 참가품목 : 종합품목
 
 - 파견기간 : 2016. 10. 28(금) ～ 11. 5(토) (7박 9일간)
 

 ㅇ 지원내용
 
 - 현지 바이어 알선, 상담장 및 차량지원, 통역지원, 현지간담회, 항공료 일부 등 (항공료 50%, 업체당 1인 지원)"
9275,포항 구룡포 과메기 고차가공식품 상품화개발 지원,마감,판로,2016년 포항 구룡포 과메기 고차가공식품 상품화개발 지원사업 공고,포항 구룡포 과메기 고차가공식품 상품화개발 지원,2016-07-04 ~ 2016-07-20,"포항테크노파크 바이오정보지원센터 사업지원팀 오은정 주임(054-223-2282, ejoh@pohangtp.org)","수산가공식품을 생산하는 경영체(식품회사, 영어법인 등)로 지역제한 없음","ㅇ 사업기간 : 2016. 8. 1. ~ 2017. 4. 30.
 

 ㅇ 지원규모 : 264,000천원
 

 ㅇ 지원분야 : 수출유망상품 제작, 신제품 출시, HMR 제작, 성능인증비 등 지원
 

 ㅇ 사업설명회 개최
 
 - 일시 : `16. 07. 12(화) 15시
 
 - 장소 : 포항구룡포과메기사업협동조합 회의실(포항시 남구 구룡포읍 호미로 146)"
9276,애완용품 중소기업 대상 국내외 Pet전시회 참가 지원,마감,판로,2016년 3차 애완용품 사업화(전시회 참가) 지원사업 참여기업 모집,애완용품 중소기업 대상 국내외 Pet전시회 참가 지원,2016-07-05 ~ 2016-10-31,"경기중소기업종합지원센터 성장팀(031-259-6076, dudls77@gsbc.or.kr)",경기도 소재 애완용품 산업관련 중소기업,"ㅇ 지원목표 : 판로개척 지원(20개사 내외)
 

 ㅇ 지원내용
 
 - 판로개척 지원 : 국내외 Pet관련 전시회 참가비 지원(총비용의 70%이내, 국내전시회 150만원, 해외전시회 400만원 한도)
 

 ㅇ 세부 지원계획
 
 - 국내외 전시회 참가지원을 통한 판로개척
 
 - 국내 전시박람회 최대 150만원, 해외 전시박람회 최대 400만원 한도
 
 - 업체당 1회에 한하며, 타기관 중복지원 불가"
9277,‘2016년 홍콩미용전(Cosmoprof Asia)’ 참가 지원,마감,판로,2016년 홍콩 미용전시회 참가기업 모집공고,‘2016년 홍콩미용전(Cosmoprof Asia)’ 참가 지원,2016-07-04 ~ 2016-07-28,"한국무역협회 강원지역본부 김미나 대리(033-256-3067, alsk516@kita.net)",강원도 소재 기업,"ㅇ 전시회개요
 
 - 전시회 : 「2016년 홍콩미용전」 (Cosmoprof Asia 2016)
 
 - 기 간 : 2016. 11. 16 - 11. 18 (3일간)
 
 - 장 소 : Hong Kong Convention & Exhibiton Center
 
 - 품 목 : 향수(Perfumery), 화장품(Cosmetics), 세안용품(Toiletries) 등
 

 ㅇ 지원내용
 
 - 기본부스(Standard Booth) 임차료 (1개사당 1개 부스)"
9278,디지털콘텐츠 관련기업 대상 시제품제작 지원,마감,판로,디지털콘텐츠산업 시제품제작 지원사업 통합 공고,디지털콘텐츠 관련기업 대상 시제품제작 지원,2016-07-04 ~ 2016-07-20,"(재)부산정보산업진흥원 임자용 대리(051-749-9164, bes0207@busanit.or.kr)","부산지역 디지털콘텐츠 관련기업(게임, 영상, 애니메이션, 출판, 웹콘텐츠 등)","ㅇ 지원내용
 
 - 실감형 디지털콘텐츠 시제품제작 지원
 
 - OSMU 디지털콘텐츠 시제품제작 지원
 
 - 디지털콘텐츠 인트로영상 시제품제작 지원
 
 - 디지털콘텐츠 애로기술지도 지원"
9279,'2016년 중국 무역사절단' 참가 지원,마감,판로,2016년 중국 무역사절단 참가업체 모집 공고,'2016년 중국 무역사절단' 참가 지원,2016-07-04 ~ 2016-07-15,"중소기업진흥공단 충남지역본부 우혜진 사원(041-621-3677, gggwls41@sbc.or.kr)","충청남도, 세종시 소재 중소기업","ㅇ 무역사절단 개요
 
 - 명칭 : 2016 충남ㆍ세종 중국 무역사절단
 
 - 기간 : 2016.10.16(일) ~ 2016.10.22(토), 6박 7일간
 
 - 장소 : 시안(KOTRA), 우한(KOTRA), 상하이(충남 상하이사무소)
 
 - 활동내용 : 품목관련 유력 바이어와의 단체 및 개별상담회, 산업시찰 등
 

 ㅇ 참가규모 : 10개사 내외
 

 ㅇ 대상품목 : 종합품목
 

 ㅇ 지원사항 : 상담장ㆍ차량 임차비, 통역비, 바이어 섭외비 지원 등"
9280,화주ㆍ물류기업 대상 해외동반진출 컨설팅 지원,마감,판로,2016년 화주ㆍ물류기업 해외동반진출 컨설팅 지원사업,화주ㆍ물류기업 대상 해외동반진출 컨설팅 지원,2016-07-01 ~ 2016-07-29,"대한상공회의소 민관합동 물류지원센터(02-6050-1443, 07807@korcham.net)",국내 화주기업과 물류기업,"ㅇ 지원내용 : 화주‧물류기업 해외동반진출 컨설팅 지원
 

 ㅇ 지원규모
 
 - 컨설팅 비용의 최대 50%까지 보조금(국비)을 지원하며, 나머지 기업부담분은 컨소시엄 참여기업이 협의하여 분담
 

 ㅇ 컨설팅 수행
 
 - 컨소시엄에 참여하는 기업(물류기업 또는 화주기업)이 직접수행하거나, 참여기업이 협의하여 선정한 제3의 국내외 전문기관‧업체 등에 컨설팅의 일부 또는 전부를 위탁 수행할 수 있음"
9281,중소기업 대상 특허 기술 상품화 기획 컨설팅 지원,마감,판로,2016년 IP Scale-UP 특허기술 상품화 기획 컨설팅 사업 수시모집 공고,중소기업 대상 특허 기술 상품화 기획 컨설팅 지원,2016-07-05 ~ 2016-09-30,"대전테크노파크 지식재산센터 남윤이 컨설턴트(042-930-4462, goodyun8@djtp.or,kr)",출원 3건 또는 등록 1건 이상을 보유하고 있는 대전 소재 중소기업 중 특허기술 아이디어 시각화가 필요한 기업,"ㅇ 사업기간 : 2016.01.01 ~ 12.31 (2016년 총 사업기간)
 

 ㅇ 지원내용 : 특허기술 아이디어 시각화 : 특허기술 아이디어 구체화를 위한 시각화 필요 기업을 대상으로 Prototype 제작 지원
 

 ㅇ 지원규모 : 3백만원 이내"
9282,'2016 아시아 시장개척단' 참가 지원,마감,판로,2016년 아시아 시장개척단 참가업체 모집 공고,'2016 아시아 시장개척단' 참가 지원,2016-07-04 ~ 2016-07-18,"광주전남지방중소기업청 수출지원센터 중진공 현장지원단(062-369-3055, koreactor@sbc.or.kr)","광주광역시 소재 전년도 직수출액 2,000만불 이하 중소기업","ㅇ 사업개요
 
 - 파견기간 : 2016. 10. 19(수) ～ 10. 29(토), 9박 11일
 
 - 파견지역 : 인도(뉴델리), 베트남(호치민), 필리핀(마닐라)
 
 - 파견규모 : 10개사 내외
 

 ㅇ 지원내용
 
 - 참가업체 현지 시장성 조사, 바이어 발굴 및 상담주선(단체/개별방문)
 
 - 단체상담 통역배치(1사 1인), 왕복항공료 50%～70% 지원
 
 - 사후관리(1개월) : 현지 출장 후 바이어 연락, 서신교환 등 후속조치"
9283,‘2016 NIPA(정보통신산업진흥원) 공동 동남아 시장개척단’ 참가 지원,마감,판로,2016년 NIPA(정보통신산업진흥원)공동 동남아 시장개척단 참여기업 모집공고,‘2016 NIPA(정보통신산업진흥원) 공동 동남아 시장개척단’ 참가 지원,2016-07-04 ~ 2016-07-14,강원정보문화진흥원 ICT사업기획단 박종남 대리(033-245-6332),강원지역에 소재한 ITㆍSW중소기업,"ㅇ 상담회개요
 
 - 행 사 명 : 2016년 NIPA공동 동남아시장개척단 해외 비즈니스 상담회
 
 - 일    정 : 2016.09. 25(일) ~ 10.01(토)
 
 - 장    소 : 동남아시아(인도네시아, 베트남)
 
 - 참 가 사 : IT/SW기업 14개사
 
 - 내    용
 
 ㆍ 각 나라별 바이어와 비즈니스 상담회(인도네시아, 베트남) 개최
 
 ㆍ 베트남, 인도네시아 정보통신관련 기관과의 교류 및 산업시찰
 
 ㆍ 베트남, 인도네시아 정보통신관련 기업 마케팅협력 MOU체결
 

 ㅇ 지원내용 : 항공료, 통역비, 홍보물 제작 등 지원"
9284,클라우드 기업 대상  글로벌 마케팅 지원,마감,판로,2016년 클라우드 분야 글로벌 마케팅 지원사업 참가기업 모집,클라우드 기업 대상  글로벌 마케팅 지원,2016-07-04 ~ 2016-07-22,"부산정보산업진흥원 ICT신사업단 인터넷신산업팀(051-749-9448, skj@busanit.or.kr)",해외진출을 희망하는 국내 클라우드 중소기업 및 단체(컨소시엄 구성 포함),"ㅇ 사업기간 : 2016년 7월 ~ 12월
 

 ㅇ 사업내용 : 해외 전시회 참가지원 등 해외마케팅 지원
 

 ㅇ 지원내용
 
 - 모집된 기업의 희망 진출국가 수요 파악 후 기업들의 수요를 반영한 전시회 참가, 로드쇼 등의 글로벌 마케팅 활동 지원
 
 - 해외 바이어 발굴 및 사전매칭 지원
 
 - 해외 항공료 50%지원(기업 당 2인까지)
 
 - 행사참가, 쇼케이스 임차 및 설치 지원(100%)
 
 - 통/번역 및 홍보물 제작 지원 등
 

 ㅇ 지원규모 : 20개 기업 이상"
9285,"ITㆍCT분야의 저작물 저작권 등록, 전문가 자문 지원",마감,R&D,2016년 대구저작권서비스센터 저작권 서비스 상시 지원 사업 공고,"ITㆍCT분야의 저작물 저작권 등록, 전문가 자문 지원",2016-07-05 ~ 2016-12-31,"대구디지털산업진흥원(053-655-6864, shshin@dip.or.kr)","대구ㆍ경북지역 ITㆍCT 분야 지역기업(중소기업, 1인창업자), 예비창업자, 예술인","ㅇ 지원기간 : 공고일 ~ 2016. 12(예산소진 시 까지)
 

 ㅇ 지원내용
 
 - 저작권 등록 지원 사업
 
 - 저작권 전문가 자문 지원 사업"
9286,"ITㆍCT 기업대상 저작물 시제품제작, 현지언어 번역, 전시회 참가 지원",마감,판로,2016년 대구저작권서비스센터 저작권(콘텐츠) 사업화 지원 사업 공고,"ITㆍCT 기업대상 저작물 시제품제작, 현지언어 번역, 전시회 참가 지원",2016-07-05 ~ 2016-12-31,"대구디지털산업진흥원(053-655-6864, shshin@dip.or.kr)","대구ㆍ경북지역 ITㆍCT 분야 지역기업(중소기업, 1인창업자)","ㅇ 사업기간 : 협약일로부터 ~ 2016년 12월까지
 

 ㅇ 지원분야(선정기업 지원내역)
 
 - 저작물 활용(사업화, 시제품제작) 지원
 
 - 저작물 현지화 지원
 
 - 저작물 마케팅 지원"
9287,"게임기업 대상 해외현지화, 기술, 마케팅 지원",마감,판로,GMCC(글로벌 진출 퍼블리싱 지원사업) 참가(게임)기업 모집연장 공고,"게임기업 대상 해외현지화, 기술, 마케팅 지원",2016-07-04 ~ 2016-07-15,"대구디지털산업진흥원 창조산업육성단 문화콘텐츠팀 윤우현 선임(053-655-5616, yunwh@dip.or.kr)",시장 출시 가능한 버전 이상의 게임콘텐츠를 보유한 대구 게임기업,"ㅇ 모집규모 : 12개 콘텐츠 내외
 

 ㅇ 지원내용 : 대구디지털산업진흥원이 선정한 전문 퍼블리셔 계약을 통한 ONE-STOP 글로벌시장(중국, 대만, 동남아시아, 중남미, 브라질 등) 진출지원"
9288,"나들가게 대상 시설개선, 상품재배열, 방제관리, 점주교육 지원",마감,판로,2016년 나들가게 육성 선도지역 지원사업 참여점포 모집 공고,"나들가게 대상 시설개선, 상품재배열, 방제관리, 점주교육 지원",2016-07-04 ~ 2016-07-15,"전라북도경제통상진흥원 지역협력팀 이종은(063-717-1343, leeje@jbba.kr)",전북 전주지역 나들가게 및 신규나들가게 또는 나들가게 전환 준비 점포,"ㅇ 운영기간 : 2016년 07월 ~ 12월
 

 ㅇ 사업비 : 400백만원
 

 ㅇ 지원내용 : 방제관리, 상품재배열, 시설개선, POS교육, 시설현대화, 점주역량 강화교육 등 지원"
9289,"수산가공, 농식품 기업 대상 신제품 및 기술개발 지원",마감,R&D,영덕군 2016년 영덕로하스수산식품지원센터 기업지원사업 추가 공고,"수산가공, 농식품 기업 대상 신제품 및 기술개발 지원",2016-07-05 ~ 2016-07-15,"영덕로하스수산식품지원센터 기업지원담당 이진욱 연구원(054-730-3502, loloho@gimb.or.kr)","경북 영덕군에 소재한 수산, 농식품 및 중소기업","ㅇ 사업기간: 선정통보일로부터 ~ 2016.11.30.
 

 ㅇ 지원규모: 80,000 천원
 

 ㅇ 지원내용 : 시제품제작, 기술지도, 인증, 지식재산권 등록, 마케팅, 홍보 지원"
9290,섬유패션기업 대상 국내외 상표출원ㆍ유사상표 등록 가능성 점검,마감,판로,2016년 섬유패션기업 중국 및 국내외 상표권 확보 지원을 위한 사전점검 지원사업 공고,섬유패션기업 대상 국내외 상표출원ㆍ유사상표 등록 가능성 점검,2016-07-06 ~ 2016-12-31,"한국의류산업협회 이정구 과장(02-528-0111, ippc@kaia.or.kr)",섬유패션기업 및 패션디자이너,"ㅇ 추진기간 : 2016. 7. 1. (금) ~ 12. 31. (토)
 

 ㅇ 지원업체 : 총 100개사 내외 (1업체당 해외 1건, 국내 1건 이내/ 선착순 마감예정)
 

 ㅇ 지원내용 : 중국 등 국내외 상표출원·등록전 유사상표 및 등록가능성 점검
 

 ㅇ 세부사항 : 국내외 상표권 확보, 분쟁지원, 신규네이밍 등"
9291,‘2016 인도 산업자동화박람회’ 참가 지원,마감,판로,부천시 2016년 인도(뭄바이) 산업자동화박람회 참가기업 추가모집,‘2016 인도 산업자동화박람회’ 참가 지원,2016-07-04 ~ 2016-07-15,부천테크노파크(070-7094-5456),부천시 소재 중소기업,"ㅇ 전시회 개요
 
 - 전시회명 : 2016 인도산업자동화박람회(Industrial Automation INDIA 2016 : IA-INDIA 2016)
 
 - 개최기간 : 2016. 12. 1. ∼ 12. 3.(5일간)
 
 - 개최장소 : 인도 뭄바이, Bamdra Kurla Complex
 
 - 전시품목 : 로보틱스, 전기ㆍ전자ㆍ기계 및 부품, 센서ㆍ계측ㆍ제어, 레이져테크놀로지, 산업자동시스템, 모듈마이크로 시스템, 마이크로엔지니어링, 나노테크놀로지, 산업 IT & S/W, 에너지, 동력 부품, 환경 관련 품목 등
 

 ㅇ 모집개요 : 10개사
 

 ㅇ 지원내용
 
 - 부천 : 부스임차비, 전시품 편도운송비(1CBM기준 편도), 통역, 현지교통 등
 
 - 관외 : 부스임차비(50%), 전시품 편도운송비(1CBM기준 편도), 참가비 250만원"
9292,‘2016 중국국제공업박람회’ 참가 지원,마감,판로,부천시 2016년 중국(상하이) 국제공업박람회 참가기업 추가 모집,‘2016 중국국제공업박람회’ 참가 지원,2016-07-04 ~ 2016-07-15,부천산업진흥재단(070-7094-5456),부천시 소재 중소기업,"ㅇ 전시회 개요
 
 - 전시회명 : 2016 중국국제공업박람회(IAS - Industrial Automation Show)
 
 - 개최기간 : 2016. 11. 1. ∼ 11. 5. (5일간)
 
 - 개최장소 : 중국 상하이, 국가전시컨벤션센터
 
 - 전시품목 : 기계엔지니어링, 전기엔지니어링, 제어시스템, 자동화시스템 및 IT솔루션, 공장자동화, 산업자동화, 로봇공학, 마이크로공학, 산업소프트웨어 등
 

 ㅇ 모집개요 : 10개사
 

 ㅇ 지원내용
 
 - 부천 : 부스임차비, 전시품 편도운송비(1CBM기준 편도), 통역, 현지교통 등
 
 - 관외 : 부스임차비(50%), 전시품 편도운송비(1CBM기준 편도), 참가비 250만원"
9293,헬스케어기업 대상 '제5회 로하스 박람회' 참가 지원,마감,판로,동계올림픽 연계 지역내 헬스케어 제품의 명품화 지원사업,헬스케어기업 대상 '제5회 로하스 박람회' 참가 지원,2016-07-04 ~ 2016-07-08,"제주특별자치도 제주상공회의소 이루자 주임(064-757-2167, 1991eua@naver.com)","강원, 제주 소재 헬스케어 제품 기업","ㅇ 박람회개요
 
 - 박람회 명 : 제5회 로하스박람회
 
 - 전시일정 : 2016. 9. 2(금) ~ 4(일) / 3일간
 
 - 전시장소 : 제주국제컨벤션센터
 

 ㅇ 지원규모 : 5개 기업 내외
 

 ㅇ 지원내용 : 부스 임차비, 브로셔 제작, 통ㆍ번역 등 지원"
9294,2016년 해외사업장 구조조정 컨설팅 지원,마감,판로,2016년 해외사업장 구조조정(청산ㆍ양도ㆍ축소)컨설팅 지원사업 공고,2016년 해외사업장 구조조정 컨설팅 지원,2016-07-06 ~ 2016-12-31,"대한무역투자진흥공사 국내복귀지원센터(02-3460-7362, 7364)","해외(중국,베트남)진출 기업 중 국내복귀기업 선정(예정) 기업,  구조조정 절차를 진행 중이거나 이행예정인 기업","ㅇ 지원내용 : 해외진출기업이 컨설팅회사를 통해 구조조정컨설팅을 받을 경우, 컨설팅 이용금액의 50%~70%를 컨설팅회사에 지원(한도 : 중국 CNY 50,000, 베트남 USD 5,000/컨설팅회사에 지급)"
9295,2016년 2차 창업선도대학 (예비)창업자 모집,마감,창업,2016년 2차 창업선도대학 (예비)창업자 모집,2016년 2차 창업선도대학 (예비)창업자 모집,2016-07-05 ~ 2016-07-22,중소기업청 콜센터(국번없이 1357),예비창업자 또는 공고일 기준 3년 이내 창업기업의 대표자,"ㅇ 모집규모 : 240명 내외
 
 - 신청자격 : 예비창업자 또는 공고일 기준 3년 이내 창업기업의 대표자
 

 ㅇ 모집구분
 
 - 조건 ① : 대학교수, 대학원생, 석사 또는 박사학위 보유자, 연구원, 5년 이상 경력을 보유한 퇴직(예정) 엔지니어
 
 - 조건 ② : 6개 신산업창출 분야(산업부), 19개 미래성장동력 분야(산업부, 미래부) 업종을 영위하는 자
 
 - 조건 ③ : 산업분야 및 신청아이템에 해당하는 해외특허 보유자(상표, 의장 제외)"
9296,‘2016년 국제수산박람회’ 참가 지원,마감,판로,2016년 하반기 국제수산박람회 참가업체 모집공고,‘2016년 국제수산박람회’ 참가 지원,2016-07-04 ~ 2016-07-13,"한국수산무역협회(02-6300-8901, kfta@kfta.net)",국내 수산물 수출업체,"ㅇ 참가계획
 
 - 중국광저우국제어업박람회(8.26 ~ 8.28)
 
 - 중국국제애완동물박람회(11.10 ~ 11.13)
 

 ㅇ 지원내용
 
 - 전액지원 : 기본부스(1부스) 임차비 및 장치비
 
 - 일부지원 : 각 소요금액의 80% (총 지원금액은 250만원 한도)
 
 ㆍ 통역고용비(협회지정금액기준, 업체당 1인)
 
 ㆍ 수조 및 냉장ㆍ냉동고 임차비(중복지원 불가)
 
 ㆍ 전시품 운송통관비"
9297,창업선도대학 창업아이템사업화 후속지원,마감,창업,2016년 창업선도대학 창업아이템사업화 후속지원 창업자 모집,창업선도대학 창업아이템사업화 후속지원,2016-07-05 ~ 2016-07-22,"중소기업청 콜센터(1357, 0번)",‘11 ~ ‘15년 창업선도대학 창업아이템사업화 참여자(기업),"ㅇ 모집규모 : 182명 내외
 

 ㅇ 지원금액 : 창업지원사업 수행완료 후 양산 중인 사업아이템의 고도화에 필요한 비용의 일부를 지원(최대 3천만원)
 

 ㅇ 지원분야 : 제품 성능개선, 홍보·마케팅, 지식재산권 및 인증"
9298,2016년 하반기 광(光)산업 해외마케팅 지원,마감,판로,2016년 하반기 광(光)산업 해외마케팅 지원사업 통합공고,2016년 하반기 광(光)산업 해외마케팅 지원,2016-07-04 ~ 2016-07-20,한국광산업진흥회 사업지원부 송형준 대리(062-605-9624),광주소재 광산업체 및 한국광산업진흥회 회원사,"ㅇ 지원 조건
 
 - 광산업 해외마케팅지원사업은 광주지역 광산업체의 해외 수출판로를 지원하는 사업으로써 직접경비 지원은 광주지역기업에 해당 되며 광주 이외 타지역 회원사의 경우에는 부득이 회원사간 연계협력을 위한 공통경비만 지원
 
 - 광산업 해외마케팅지원사업은 단위사업별 연2회까지 참여가 가능
 
 - 모든 지원사업은 심사평가를 거쳐 지원금이 조정될 수 있음
 

 ㅇ 지원 내용 : 무역사절단/수출상담회 개최, 홍보물 제작, 해외프로젝트 컨소시엄 구축ㆍ운영 등 지원"
9299,정밀성형분야 중소ㆍ중견기업 대상 애로기술 자문 프로그램 지원,마감,판로,지역주력산업육성사업(정밀성형분야-비R&D;지원) 지원 기업모집 공고,정밀성형분야 중소ㆍ중견기업 대상 애로기술 자문 프로그램 지원,2016-07-05 ~ 2016-07-15,"(재)대구기계부품연구원 송재선(053-608-2302, jssong@dmi.re.kr)",대구지역 정밀성형분야 중소ㆍ중견기업,ㅇ 지원과제 : 정밀성형 공정개선 및 생산기술 경쟁력 강화사업
9300,예비창업자(팀) 대상 사업화 지원,마감,창업,2016년 창의적 지식재산(디자인) 사업화 지원사업 예비창업자(팀) 추가모집 공고,예비창업자(팀) 대상 사업화 지원,2016-07-05 ~ 2016-07-14,"한국지식재산전략원 김하나 연구원(02-3475-8524, rndcenter@kista.re.kr)",창의적 아이디어 발상으로 디자인 상품화 가능한 창업 아이템을 가진 예비창업자(팀),"ㅇ 지원규모 : 6억원(25개 팀 내외 선정 예정)
 

 ㅇ 총 지원금 : 평균 총 2천만원 내외(차등지원)
 

 ㅇ 지원내용
 
 - 지식재산 권리화 : 운영기관(한국지식재산전략원)에서 선정한 전담 특허사무소를 통해 선행디자인조사 및 지식재산(디자인 등) 출원 지원
 
 - 시제품 제작 : 디자인 아이디어를 접목한 시제품 설계 및 제작 지원
 
 - 창업 멘토링 : 전문가를 통해 디자인 강화 및 사업화 교육 등 맞춤형 지원
 
 - 시장반응조사 : 창조경제박람회 전시를 통한 시장반응 점검"
9301,2016년 신사업 발굴 및 기획사업 모집,마감,R&D,2016년 신사업 발굴 및 기획사업 모집 공고,2016년 신사업 발굴 및 기획사업 모집,2016-07-05 ~ 2016-07-22,"대전테크노파크 정책기획단 경영기획팀 유대원(042-930-3212, dwyou@djtp.or.kr)","대전광역시에 소재한 연구소, 대학, 기업 등 대전형 산업육성 사업제안이 가능한 기관","ㅇ 제안분야
 
 - 소규모 R&D; 과제가 아닌 중·대형과제(100억~300억 규모)
 
 - 신규과제의 목표 / 성능지표 / 규모 / 요소기술 등이 포함된 RFP 작성
 
 - 산업분야에 제한은 없으나, 지역의 산업기반 및 여건을 고려하여 산업분야 선정
 
 - 신청자가 RFP 기획시 산업현황 및 발전방안 등에 따라 기획 방향성 제시
 

 ㅇ 사업기간 : 협약체결후 4개월 이내
 

 ㅇ 지원규모 : 과제당 10,000천원 이내(5개과제 내외)"
9302,"IP Star, IP Scale-up 기업 대상 국내ㆍ해외권리화 지원",마감,판로,"2016년 IP Star, IP Scale-up 기업 대상 국내ㆍ해외권리화 지원사업 공고","IP Star, IP Scale-up 기업 대상 국내ㆍ해외권리화 지원",2016-07-06 ~ 2016-12-31,"강원지식재산센터(033-749-3333, 3325)","강원도내 중소기업(IP Scale-Up, IP Star)","ㅇ 지원 내용
 
 - 국내 특허(실용), 상표, 디자인 출원시 소요되는 대리인 비용 중 일부
 
 - 해외 특허(실용), 상표, 디자인 출원시 소요되는 비용 중 일부"
9303,IP Start-up 기업 대상 국내권리화 지원,마감,R&D,2016년 IP Start-up 기업 대상 국내권리화 지원사업 공고,IP Start-up 기업 대상 국내권리화 지원,2016-07-06 ~ 2016-12-31,강원지식재산센터 정문혁 특허컨설턴트(033-749-3333),최근 3년간 지식재산권 출원 3건 미만 강원도내 중소기업,"ㅇ 지원 내용
 
 - 국내 특허(실용), 상표, 디자인 출원시 소요되는 대리인 비용 중 일부"
9304,디지털콘텐츠 기업 대상 무료 법률자문 서비스 지원,마감,R&D,디지털콘텐츠 공정거래 무료 법률자문 서비스 지원 사업 공고,디지털콘텐츠 기업 대상 무료 법률자문 서비스 지원,2016-07-06 ~ 2016-12-31,"한국발명진흥회 강원지회 지식컨설턴트 염나영(033-254-6580, yny@kipa.org)","강원도 내 디지털콘텐츠 관련 기업, 예비창업자, 개인 창작자","ㅇ 지원내용
 
 - 특허, 저작권 등 지식재산권, 계약서 해석, 계약 불이행에 관한 법률자문
 
 - 독점계약 등 불공정계약 강요, 부당한 수익분배, 불법행위로 인한 피해 구제에 관한 자문
 
 - 법률 등 영업 관련 제반 정보, 기타 불공정거래에 관한 법률자문 등
 

 ㅇ 지원방법 : 디지털콘텐츠 법률자문단(변호사, 변리사)이 신청기업을 방문하여 무료 법률자문 서비스 실시
 

 ㅇ 지원규모 : 35개사
 

 ㅇ 지원기간 : 공고일로부터 ~ 2016. 11.(사업비 소진 시 조기 마감)"
9305,‘2016년 인도네시아 산업기계 전시회’ 참가 지원,마감,판로,2016년 인도네시아 산업기계전시회 참가기업 모집,‘2016년 인도네시아 산업기계 전시회’ 참가 지원,2016-07-06 ~ 2016-07-29,"한국무역협회 경기남부지역본부 이정수 부장(031-259-7853, ljsoo@kita.net)",경기도내  중소기업,"ㅇ 전시회개요
 
 - 전시회명 : 2016년 인도네시아 산업기계 전시회(Manufacturing Indonesia Series 2016)
 
 - 개최기간 : 2016. 11. 30(수) ~ 12. 3(토), <4일간>
 
 - 개최장소 : 자카르타 국제 엑스포 전시장 (Jakarta International Expo Kemayoran)
 
 - 전시품목 : 연마/에어 컴프레셔/자동화장비/베어링/ 절삭기/핸드툴/몰딩기계/전원공급, 펌프 및 밸브/CAD, CAM, CAE 시스템/압축기팬, 에어컨디셔닝/로보틱스 등 산업용 기계류 및 기계부품
 

 ㅇ 모집규모 : 10개사, 90㎡(부스당 9㎡)
 

 ㅇ 지원내용 : 부스임차료(1부스 9㎡), 장치비, 편도 해상운송료(1CBM 한도, 공식운송사 이용조건) 각각의 50%이내"
9306,가젤형기업 대상 경영활동 지원,마감,판로,2016년 가젤형기업 육성사업 참가기업 모집,가젤형기업 대상 경영활동 지원,2016-07-01 ~ 2016-07-15,"전남중소기업종합지원센터 경영컨설팅지원팀 나인숙 팀장(061-288-3850, nis715@jepa.kr)",매년 매출액 또는 고용자수가 평균 15%이상 고성장을 목표로 하는 전남도내 중소기업,"ㅇ 지원기업 : 10개사 내외
 

 ㅇ 사업기간 : ’16년 7월 ~ 12월 (6개월)
 

 ㅇ 지원내용 : 센터가 시행하는 사업의 전방위적 연계지원(경영애로ㆍ자금/수출/일자리/인사ㆍ노무/특허 등)
 
 - 기관 전문인력 활용「현장 컨설팅」통한 경영애로해결 및 혁신지원
 
 - 경영애로, 육성자금 추천 및 현장 상담 진행
 
 - 일자리 사업 안내 및 맞춤형 지원 및 알선
 
 - 중소기업 CEO 및 직원 교육 참여 및 가산점 부여 등
 
 - 기업 요청에 따른 단계별․분야별 판로 지원"
9307,중소기업 대상 해외전시회 개별참가 지원,마감,판로,2016년 하반기 KOTRA 해외전시회 개별 참가 지원사업,중소기업 대상 해외전시회 개별참가 지원,2016-07-05 ~ 2016-07-26,"대한무역투자진흥공사 해외전시팀 이성훈(02-3460-7280, 916366@kotra.or.kr)",해외전시회 참가를 희망하는 중소기업,"ㅇ 참가 전시회 기준
 
 - 개최기간 기준(하반기) : 2016. 7. 1. ~ 12. 30. 기간 개최되는 해외전시회에 참가하는 경우에 한함
 

 ㅇ 자금 지원 : 업체당 기본 600만원 한도 (최대 : 700만원 한도)
 

 ㅇ 지원액 내역 : 기본부스와 독립부스의 경우로 구분
 
 - 지원 내용 : 부스임차비 + 편도 해상운송비(또는 항공운송비) + 해외시장조사비
 

 ㅇ 전시마케팅 지원
 
 - 오프라인 :  사업 안내 설명회 및 참가준비 교육 개최(전국) (한국전시산업진흥회와 공동 개최 예정)
 
 - 온라인 : 글로벌전시포털을 개편, 전시회·시장정보 간편 제공, 해외시장조사 서비스 제공
 

 ㅇ 지원 회수 : 업체당 연간 1회 지원에 한함"
9308,전략기술 분야 핵심ㆍ원천 기술개발 지원,마감,R&D,2016년 제4차 산업핵심기술개발사업 신규지원 대상과제 공고,전략기술 분야 핵심ㆍ원천 기술개발 지원,2016-07-19 ~ 2016-08-04,산업핵심기술개발사업 총괄 사업총괄팀(053-718-8476),"중소ㆍ중견기업 또는 대학, 기관 등이 주관(참여)기관으로 참여","ㅇ 지원대상분야
 
 - 10년 이내에 기술적 파급효과가 크고 산업 기술 경쟁력을 획기적으로 제고 할 수 있는 부가가치가 높은 핵심기술, 원천기술 및 엔지니어링 기술
 
 ※ 창의산업분야 : 바이오, 나노융합, 엔지니어링, 지식서비스
 
 ※ 소재부품산업분야 : 화학공정, 주력산업IT융합, 반도체공정장비
 
 ※ 시스템산업분야 : 로봇, 산업용기계, 생산장비, 의료기기
 

 ㅇ 사업설명회 및 정보교류회 개최
 
 - 사업설명회와 정보교류회를 통합하여 개최
 
 - 일시 및 장소 : 7월 11일(월) 13:30~, 대전 인터시티호텔 파인(Pine)홀"
9309,첨단융합 Eye콘텐츠 기업역량강화 및 성과확산 지원,마감,판로,2016년 첨단융합 Eye콘텐츠 기업역량강화 및 성과확산 지원 기업 모집 공고,첨단융합 Eye콘텐츠 기업역량강화 및 성과확산 지원,2016-07-06 ~ 2016-12-31,"대구테크노파크 스포츠융복합산업지원본부 김선미 연구원(053-757-4186, ksm2b2@ttp.org)",대구 소재 Eye콘텐츠 및 디바이스 관련 중소ㆍ중견 기업,"ㅇ 사업기간 : 2016. 1. 1. ~ 2016. 12. 31.
 

 ㅇ 지원분야
 
 - 시제품제작 및 디자인 지원
 
 -  특허ㆍ인증 컨설팅 및 마케팅
 
 -  전시회 참가 지원"
9310,"광교소재 기업, 대학, 연구소 대상 기술가치 평가 지원",마감,R&D,2016년 광교 융ㆍ복합 사업우수기술 발굴 및 사업화 연계 시행 공고,"광교소재 기업, 대학, 연구소 대상 기술가치 평가 지원",2016-07-06 ~ 2016-07-29,"경기과학기술진흥원 클러스터혁신본부 클러스터육성팀 김현명 선임연구원(031-776-4821, wisdom@gstep.re.kr)","광교테크노밸리 내 소재 기업, 대학, 연구소","ㅇ 지원규모 : 총 120,000천원 내외(약 6건 × 20,000천원)
 

 ㅇ 추진내용 : 공고 후 선정평가위원회를 통해 선별된 기술에 대해 기술가치평가 전문기관에 의뢰 후 기술가치 평가 보고서 제공
 

 ㅇ 지원내용
 
 - 기술가치 평가 보고서 제공 후 필요시 기술 사업화를 위한 기술 컨설팅 등 제공
 
 ㆍ 우수기술의 상용화･사업화를 위한 관련 기술 컨설팅 제공(기술전문가, 컨설턴트 등 매칭)
 
 ㆍ 해당 기술 매칭･이전･활용을 위한 수요처 발굴 등 수행
 
 ㆍ 후속 R&D; 필요시 경기도 기술개발사업 등 R&D;지원 사업 연계"
9311,중소기업 대상 해외 마케팅 컨설팅 및 인증획득 지원,마감,판로,2016년 중소기업 컨설팅 및 인증획득 지원사업 추가공고,중소기업 대상 해외 마케팅 컨설팅 및 인증획득 지원,2016-07-06 ~ 2016-12-31,"제주경제통상진흥원(064-751-2507, qwer@jba.or.kr)",제주 소재 중소기업,"ㅇ 지원내용
 
 - HACCP 인증
 
 - 해외 마케팅
 
 - 경영일반
 
 - HACCP 사전
 
 - KS인증/녹색인증
 
 - INNO_Biz인증 등 기업인증"
9312,중소기업 대상 지재권 연계 연구개발 전략 수립,마감,R&D,지재권 연계 연구개발 전략지원 사업(2016년 하반기 IP-R&D; 전략지원 사업 시행 계획 연장공고),중소기업 대상 지재권 연계 연구개발 전략 수립,2016-06-07 ~ 2016-07-18,"한국지식재산전략원 중소기업팀(02-3287-4253, ippro@kista.re.kr)",연구 조직을 보유한 중소기업,"ㅇ 지원 방식 : 한국지식재산전략원 소속 지재권전략전문가(PM)와 지재권분석 전문기관이 팀을 구성하여 기업에 맞춤형‧밀착형 특허 전략 수립을 지원
 

 ㅇ 사업 결과물 : 특허·논문 분석자료, 환경(시장 등) 분석자료, 핵심특허 요지 리스트, 핵심특허 대응전략 보고서, 지재권 포트폴리오, 유망 R&D;과제 도출, 분석특허 DB 등"
9313,중소제조기업 대상 혁신기술 발굴 및 개발 지원,마감,R&D,2016년 중소기업 혁신기술개발 지원사업 시행계획 공고,중소제조기업 대상 혁신기술 발굴 및 개발 지원,2016-07-06 ~ 2016-07-29,"경북테크노파크 첨단메디컬융합섬유센터(053-819-8111, dhshin@gdtp.or.kr)",경상북도 소재 중소 제조 기업,"ㅇ 지원규모 : 약 3.6억원
 

 ㅇ 지원분야 : 중소기업이 개발하고자 하는 기술을 자유롭게 제안(자유응모)
 

 ㅇ 지원금 : 지원과제당 총사업비의 80%이내에서 최대 0.9억원까지 지원
 

 ㅇ 민간부담금 : 중소기업은 지원금 이외에 총사업비의 20%이상을 부담"
9314,콘텐츠제작 기업 대상 콘텐츠 제작 지원,마감,판로,아시아 CGI애니메이션 활성화사업 콘텐츠 제작기업 모집,콘텐츠제작 기업 대상 콘텐츠 제작 지원,2016-07-05 ~ 2016-07-25,"(재)제주테크노파크 디지털융합센터 방송통신사업팀 고현숙 연구원(064-720-3736, ggumaya@jejutp.or.kr)",본사가 제주특별자치도에 소재한 콘텐츠 제작 기업,"ㅇ 지원내용 : 본편 제작을 위한 신규 애니메이션 파일럿, VR, 웹툰 콘텐츠 제작
 

 ㅇ 협약기간: 협약체결일 ~ 2016. 11. 30.(협약기간 연장 불가)
 

 ㅇ 지원규모: 기업당 30~50백만원 내외, 5개 과제 내외"
9315,스마트콘텐츠 기업 대상 콘텐츠 제작 및 마케팅 지원,마감,판로,스마트콘텐츠 지역 성장거점 구축 사업 세부사업 모집 공고,스마트콘텐츠 기업 대상 콘텐츠 제작 및 마케팅 지원,2016-07-20 ~ 2016-07-22,(재)제주테크노파크 디지털융합센터 문화콘텐츠사업팀 김호전 선임연구원(064-720-3757),제주특별자치도 내에 위치한 스마트콘텐츠 제작을 희망하는 IT/CT 기업,"ㅇ 지원기간 : 협약체결일 ~ 2016. 11. 11.
 

 ㅇ 지원규모 : 총 152,000천원(※ 자세한 사항은 지원 세부내용 참고)
 

 ㅇ 지원내용 : 지역 스마트콘텐츠기업 발굴·육성을 통해 글로벌 강소기업으로 도약할 수 있는 스마트콘텐츠 제작 및 마케팅 지원"
9316,창업(예비)자 대상  비상주 사업자등록 주소지 제공,마감,창업,2016년 하반기 북부 경기문화창조허브 가상오피스 지원 모집 공고,창업(예비)자 대상  비상주 사업자등록 주소지 제공,2016-07-06 ~ 2016-07-22,"경기콘텐츠진흥원 북부 경기문화창조허브 가상오피스 지원 담당자(031-877-2715, lee.hana@gdca.or.kr)",문화콘텐츠산업 창업(예비)자 중 개인 및 법인사업자,"ㅇ 지원 내용
 
 - 비상주 사업자등록 주소지 사용 허가
 
 ㆍ 사업자등록 시 사업장 소재(주소지) 사용(주소지 : 북부 경기문화창조허브)
 
 ㆍ 사업자등록을 위한 스마트오피스 임대차 계약서"
9317,애니메이션 수출희망기업 대상 해외마켓 참가 지원,마감,판로,2016년 하반기 애니메이션 해외마켓 참가안내,애니메이션 수출희망기업 대상 해외마켓 참가 지원,2016-07-05 ~ 2016-07-15,"한국콘텐츠진흥원 해외사업진흥단 임빈나 주임(061-900-6221, yehbinn@kocca.kr)",국산 애니메이션 기획ㆍ제작ㆍ배급 및 융합콘텐츠 관련 해외 수출을 원하는 업체,"ㅇ 지원내용: 부스 임차, 비즈니스 매칭, 숙박비, 체재비 등을 지원
 

 ㅇ 참가지원 마켓
 
 - MIPCOM : 10.17-20 / 프랑스 깐느
 
 - MIPCancun : 11.16-18 / 멕시코 칸쿤
 
 - TIFFCOM : 10.25-27 / 일본 도쿄"
9318,의료기기 기업체 대상 산학협력 멘토링 프로그램 제공,마감,R&D,2016년 의료기기 산학협력 멘토링 프로그램 공고(의료기기 산학협력구축사업),의료기기 기업체 대상 산학협력 멘토링 프로그램 제공,2016-07-06 ~ 2016-12-31,충북테크노파크 지역산업육성실 이상구 책임(043-270-2812),충북 의료기기 기업체,"ㅇ 지원내용 : 의료기기 전문가 등 매칭 멘토링
 

 ㅇ 신청분야 : R&D;기획, 기술정보제공, 정부과제발굴, 장비 및 전문기관 연계 등 기업현장 애로해결과제 및 융복합 R&D; 과제
 

 ㅇ 지원금
 
 - 일반 애로해결 과제 : 기업당 멘토 1인(2백만원)
 
 - 융복합 R&D; 과제 : 기업당 멘토 2인(4백만원)
 

 ㅇ 지원기간 : 4개월 이내
 

 ㅇ 멘토자격 : 지역내외 의료기기 관련 교수 및 전문가, 기타 자문위원 등"
9319,기계ㆍ식품제조업체 대상 중국수출 지원,마감,판로,2016년 중국 기계ㆍ식품 수출컨소시엄 사업 모집 공고,기계ㆍ식품제조업체 대상 중국수출 지원,2016-07-05 ~ 2016-07-08,"중소기업진흥공단 경남지역본부 수출협력팀 이경진 대리(055-268-2565, jingchen86@sbc.or.kr)",경남 지역 소재 기계ㆍ식품제조업을 영위 중인 업체,"ㅇ 지원내용
 
 - 중국어 홍보물제작
 
 - 시장성 평가 및 시장조사
 
 - 검색엔진 및 언론보도 마케팅
 
 - B2B, B2C 온라인 마케팅
 
 - 현지 파견 수출상담회
 
 - 바이어 초청 상담회 개최"
9320,2016년 대구광역시 중소기업대상 공모,마감,인력,2016년 대구광역시 중소기업대상 공모,2016년 대구광역시 중소기업대상 공모,2016-07-11 ~ 2016-07-29,대구광역시 경제정책과(053-803-3393),대구광역시 소재 중소기업,"ㅇ 시상부문
 
 - 대상 : 1개 기업
 
 - 최우수상 : 2개 기업
 
 - 우수상 : 3개 기업
 

 ㅇ 수상기업 특전
 
 - 대구광역시 중소기업 육성자금지원 우대(수상 후 2년 이내)
 
 - 해외 시장개척단 파견 및 해외 전시·박람회 등 참가 우선지원(2년)
 
 - 「대구광역시 지방세무조사 운영규칙」제14조 1항의 규정에 의한 세무조사 면제(3년)
 
 - 「대구광역시 기업인 예우 및 기업활동 지원에 관한 조례」에 의한 예우 등"
9321,건설관련 중소ㆍ중견기업 대상 해외진출 지원,마감,판로,2016년 건설관련 중소기업 해외진출 지원사업 기업 공모,건설관련 중소ㆍ중견기업 대상 해외진출 지원,2016-07-01 ~ 2016-07-15,"한국건설기술연구원 대외협력실 신상희 수석연구원(031-910-0027, scott@kict.re.kr)",국내 건설관련 중소ㆍ중견기업,"ㅇ 지원기간 : 기업선정 이후부터 2016년 12월 31일까지
 

 ㅇ 지원내용
 
 - 해외진출 원스톱 패키지 지원사업
 
 - 건설엔지니어링 해외진출 지원사업"
9322,'2016 충북 CIS 무역사절단' 참가 지원,마감,판로,"2016년 CIS(러시아, 카자흐스탄) 무역사절단 업체 모집 공고",'2016 충북 CIS 무역사절단' 참가 지원,2016-07-07 ~ 2016-07-21,중소기업진흥공단 충북지역본부 김지인 사원(043-230-6835),충북소재 중소제조업체,"ㅇ 사업개요
 
 - 파견지역 : 러시아 모스크바, 카자흐스탄 알마티
 
 - 파견규모 : 충북소재 중소제조업체 10개사 내외
 
 - 파견일시 : 2016. 10. 24(월) ~ 10. 29(토)
 

 ㅇ 지원범위 : 연4회, 회당 1,000만원 이내
 

 ㅇ 지원내용
 
 - 참가기업 제품에 대한 사전 시장성 조사 및 바이어 발굴
 
 - 상담장 제공, 통역, 현지 교통편의 제공"
9323,벤처기업 인증기업 대상 공동채용 지원,마감,인력,2016년 3차 지방벤처기업 공동채용사업 참여기업 모집,벤처기업 인증기업 대상 공동채용 지원,2016-07-06 ~ 2016-07-15,"(사)대덕이노폴리스벤처협회 기업 채용지원팀 정경숙 주임(070-8853-7751, jks@diva.or.kr)",국내 벤처기업 인증기업,"ㅇ 지원혜택(중복지원 가능)
 
 - 잡포털사이트(잡코리아 및 사람인) 유료 배너형 채용공고 무상지원
 
 - 구직자 메일링 서비스
 
 - 주요대학 및 특성화고별 인재 추천
 
 - 채용박람회 우선 참여 혜택
 
 - 신입사원 4박5일 공동훈련 교육지원(연6회)
 

 ㅇ 지원규모 : 20개사"
9324,예비창업자 대상 신사업 아이디어 사업화 지원,마감,창업,소상공인시장진흥공단 2016년 1차 신사업 아이디어 사업화지원 공고,예비창업자 대상 신사업 아이디어 사업화 지원,2016-07-07 ~ 2016-08-03,"소상공인시장진흥공단 교육지원실 신사업 육성지원 담당자(042-363-7847~8, bm@semas.or.kr)",신사업 아이디어 사업화를 준비중인 예비창업자,"ㅇ 지원내용 : 1인당 최대 1,000만원 사업화 보조금 지원
 
 - 매장 모델링, 시제품 제작, 브랜드 개발, 홈페이지 제작 및 마케팅ㆍ홍보 등 사업화 소요 비용의 일부
 
 - 지원금은 총 사업비의 50% 이내이며, 나머지는 본인 부담 조건
 
 - 협약기간(협약일로부터 120일간) 내 지출된 사업비에 한하여 지원
 

 ㅇ 선정규모 : 100명 내외(’16년 1차)"
9325,'2016 중국 국제의료기기전시회' 참가 지원,마감,판로,2016년 중국 국제의료기기전시회(CMEF) 참가기업 모집공고,'2016 중국 국제의료기기전시회' 참가 지원,2016-07-06 ~ 2016-07-29,충북테크노파크 지역산업육성실 김민석 선임(043-270-2813),충청북도 소재 의료기기 기업,"ㅇ 전시회개요
 
 - 명칭 : 중국 국제의료기기전시회(CMEF) Autumn 2016
 
 - 개최기간 : 2016. 10. 29(토) ~ 11. 01(화) [4일간]
 
 - 개최장소 : 중국 심천(ShenZhen Convention and Exhibition Center)
 

 ㅇ 전시품목 : 의료기기ㆍ장비, 영상장치, 의료광학장치ㆍ기기, 치료용 장비 등
 

 ㅇ 모집업체 : 7개사 내외
 

 ㅇ 지원사항
 
 - 기본부스 임차료 및 기본장치비
 
 - 통역비(50%) 및 운송료(40만원 이내) 일부
 
 - 바이어발굴 및 상담지원, 전시기간 중 현장 운영 지원 등"
9326,'2016 홍콩 화장품 박람회' 참가 지원,마감,판로,2016년 홍콩 화장품 박람회 참가기업 모집 공고,'2016 홍콩 화장품 박람회' 참가 지원,2016-07-06 ~ 2016-07-21,"충북테크노파크 글로벌비지니스팀 김유정 연구원(043-270-2241, yoojk0204@cbtp.or.kr)",충청북도 소재 중소 화장품 또는 미용 제조업체,"ㅇ 전시회개요
 
 - 명칭 : 2016 홍콩 화장품 박람회(Cosmoprof Asia 2016)
 
 - 개최기간 : 2016. 11. 16(수) ~ 11. 18(금) / 3일간
 
 - 개최장소 : 홍콩종합전시장(HKCEC)
 
 - 전시품목 : 화장품(기초, 색조), 향수, 천연화장품, 세면도구, 전문뷰티 살롱, 스파, 미용 부자재, 헤어관련 기기 및 제품, 네일 및 악세사리, 용기, 원자재, 기계, 라벨, 제조 등
 

 ㅇ 모집업체 : 8개사 내외
 

 ㅇ 지원사항
 
 - 기본부스 및 임차 및 장치, 편도운송 일부(단, 운송비는 추후 지원여부 결정)
 
 - 바이어 발굴, 매체 광고 및 홍보
 
 - 수출상담 및 전시회 참가 관련 행정 지원 등"
9327,'경북PRIDE상품' 지정 후 마케팅 및 홍보 지원,마감,판로,2016년 2차 경북Pride상품 선정계획 연장 공고,'경북PRIDE상품' 지정 후 마케팅 및 홍보 지원,2016-06-01 ~ 2016-07-31,경상북도경제진흥원 경북Pride상품지원센터(070-7714-4401~4),경북도 내에 본사 및 공장이 소재한 중소ㆍ중견 제조업체에서 생산된 상품,"ㅇ 선정 상품수 : 5개 내외
 

 ㅇ 지원혜택
 
 - 지정서 및 현판 수여
 
 - 해외시장 동향 조사 및 글로벌 마케팅사업 지원
 
 - 기업 경영 진단 및 컨설팅 지원
 

 ㅇ 지정서 수여：2016년 11월~12월(예정)"
9328,"ITㆍSW기업 대상 전시회(중국 심천하이테크 박람회, 부산IT EXPO) 참가 지원",마감,판로,2016년 지역SW성장지원사업 국내ㆍ외 공동마케팅 지원 참가기업 모집 공고,"ITㆍSW기업 대상 전시회(중국 심천하이테크 박람회, 부산IT EXPO) 참가 지원",2016-07-07 ~ 2016-10-21,"(재)경남테크노파크 ICT진흥팀 서호진(055-259-5984, apple@gntp.or.kr)",경남 지역 유망 ITㆍSW 기업,"ㅇ 중국 심천하이테크박람회
 
 - 개최일자 : 2016. 11. 16.(수) ~ 11. 21.(월)[6일간]
 
 -  전시품목 : 개인용 전자기기, 디지털 홈 제품, 휴대용 사무기기, 차량용 기기, 모바일 어플리케이션, 무선통신기술 제품 및 각종 소프트웨어 등
 

 ㅇ 부산 IT EXPO 전시회
 
 - 개최일자 : 2016. 9. 7.(tn) ~ 9. 9.(rma)(3일간)
 
 - 전시품목 : ICT기반 융합기술, 모바일, 통신, 방송, 콘텐츠 및 SW
 

 ㅇ 지원내용 및 규모
 
 - 심천하이테크박람회 : 기업당 약 700만원 가량 지원
 
 - 부산 IT EXPO 전시회 : 부스임차비 장치비 100% 지원(기본 1개 부스)"
9329,수산식품업체 대상 수출 마케팅 및 홍보 지원,마감,판로,2016년 수산식품 수출 마케팅 및 홍보지원 사업 모집 공고,수산식품업체 대상 수출 마케팅 및 홍보 지원,2016-07-06 ~ 2016-07-21,제주특별자치도 해양수산국 수산정책과 수산물가공유통담당(064-710-3248),제주특별자치도 소재 수산물 및 수산식품 관련 업체,"ㅇ 사업개요
 
 - 사업명 : 제주수산식품 수출 마케팅 및 홍보지원 사업
 
 - 사업기간 : 2016. 8월 ~ 12월
 
 - 사업내용
 
 ㆍ 중국지역 수산물 수출시장 개척 및 판촉행사 지원
 
 ㆍ 해외시장 개척 국제수산식품 박람회 참가 지원
 
 ㆍ 제주수산식품 수출용 포장지 제작 지원"
9330,유기농식품 유통활성화 지원,마감,판로,2016년 유기농식품 유통활성화 지원사업 참가자 추가모집 계획 공고,유기농식품 유통활성화 지원,2016-07-01 ~ 2016-07-20,"한국농수산식품유통공사 농수산물사이버거래소 마케팅부(02-6300-1789, puella@at.or.kr)","친환경농산물(유기농산물, 유기가공식품) 생산자 및 생산자단체","ㅇ 지원 내용
 
 - 쇼핑몰 상세페이지 제작 : 개별 업체당 2개 품목 제작지원
 
 - 쇼핑몰 판매 대행 : SSG몰, CJ오쇼핑, 위메프, eaTmart
 
 - 판매 관리, 홍보 : 주문 수집, 고객 관리, 홍보 등"
9331,(예비)창업자 대상 글로벌 진출 역량강화 프로그램 참가기업 모집,마감,창업,글로벌 진출 역량강화 프로그램 참가기업 모집(2016년 청년창업지원사업),(예비)창업자 대상 글로벌 진출 역량강화 프로그램 참가기업 모집,2016-07-06 ~ 2016-07-18,"(재)대구디지털산업진흥원 ICT청년창업지원센터 장승현 주임(053-422-9082, jang@dip.or.kr)",대구 지역 내 소재 예비창업자 또는 사업자등록증을 보유한 개인 및 법인사업자,"ㅇ 사업기간 : 2016년 7월 25일(월) ~ 10월 31일(월)
 

 ㅇ 지원규모 : 40명 내외
 

 ㅇ 지원내용
 
 - Off Line 교육
 
 - On Line 교육(원격교육)
 
 - 해외진출 및 투자 IR"
9332,‘2016심천하이테크페어(China High-Tech Fair 2016)’ 참가 지원,마감,판로,2016년 심천하이테크페어 참가기업 연장공고,‘2016심천하이테크페어(China High-Tech Fair 2016)’ 참가 지원,2016-07-06 ~ 2016-07-20,"대전테크노파크 지역산업육성실 사업화지원팀 류승호(042-930-2915, ryush8430@djtp.or.kr)",대전지역 전략산업분야 수출유망 중소ㆍ벤처기업,"ㅇ 전시회 개요
 
 - 일    시 : 2016. 11. 16. ~ 11. 21. (6일간)
 
 - 전시장소 : Shenzhen Convention & Exhibition Center
 
 - 전시규모 : 100,000㎡(50개국 3천여개 기업 참가 / 약 50만명 방문)
 
 - 전시품목 : 인터넷 응용기술 및 서비스, 지능형 태블릿 및 무선통신기기, 소프트웨어응용기술 및 응용프로그램, 신기술(로봇, 생물 식별 기술, 음성인식장치 등), 소비자 가전제품, 자동제어장치 및 서비스
 

 ㅇ 지원규모 : 12개사
 

 ㅇ 지원내용 : 부스임차 및 장치비, 교통, 통역, 컨설팅 및 교육 등 지원"
9333,화장품 제조업체 대상 제품개선 및 기술개발 지원,마감,R&D,2016년 2차 현장수요형 기술개발사업(뷰티 융복합 기술개발사업) 시행 공고,화장품 제조업체 대상 제품개선 및 기술개발 지원,2016-07-06 ~ 2016-07-13,인천지방중소기업청(032-450-1174),인천소재 화장품 제조업체,"ㅇ 지원규모 :  8억원(10개사 내외)
 

 ㅇ 지원과제 : 특화원료를 이용한 화장품과 화장품 용기를 개발하는 과제
 

 ㅇ 지원조건 : 개발기간 최대 1년, 8,000만원 한도 (기술료 면제)
 

 ㅇ 지원내용 : 특화기능 화장품 개발 및 제품화 과정에 필요한 비용지원"
9334,"4대 문화(유교, 신라, 가야, 해양)기업 대상 국내외 권리화, 디자인 및 브랜드 개발 지원",마감,판로,"IP 문화융성 지원사업(유교, 신라, 가야, 해양문화권) 공고","4대 문화(유교, 신라, 가야, 해양)기업 대상 국내외 권리화, 디자인 및 브랜드 개발 지원",2016-07-07 ~ 2016-07-18,"경북지식재산센터 진애라 컨설턴트(054-274-5533, aera@daum.net)","경상북도 문화(유교, 신라, 가야, 해양)와 관련된 중소기업","ㅇ 사업기간 : 2016. 07 ~ 2016. 11
 

 ㅇ 세부지원내용 : 국내권리화, 해외권리화, 디자인개발, 브랜드개발, 맞춤형 PM"
9335,‘제45회 중국 광동(광저우) 국제 미용 박람회(추계)’ 참가 지원,마감,판로,제45회 중국 광동(광저우) 국제 미용 박람회(추계) 지원기업 모집,‘제45회 중국 광동(광저우) 국제 미용 박람회(추계)’ 참가 지원,2016-07-05 ~ 2016-07-15,"(재)제주테크노파크 바이오융합센터 화장품사업팀 문삼현 연구원(064-720-2358, tkagus123@jejutp.or.kr)",제주도내 화장품 수출희망기업,"ㅇ 개요
 
 - 박람회명 : 제45회 중국 광동(광저우) 국제 미용박람회(추계)
 
 - 일시 : 2016. 9. 4.(일) ~ 9. 6.(화), 3일간
 
 - 장소 : 중국수출입상품교역회(파저우전시장 B구역 9.2Hall), 난펑국제컨벤션센터
 
 - 전시품목 : 스킨케어, 미용, 화장품, 미용기기, 네일, 헤어, 스파, 성형, 반영구 등
 

 ㅇ 지원범위 : 3개사 한국공동관 기업별 부스 지원
 
 - 부스 임차비(100%) : 기본부스(4m × 3m=12㎡)/1개사, 기업별 기본부스 활용
 
 - 부스 장치비(100%) : 기본부스 내 전기, 장치비 등
 
 - 전시·판매 물품 운송비(100%) : 편도 운송비 지원
 
 - 통역원 지원(100%) : 기업당 1인 지원
 
 - 물품임대비(100%) : 박람회장 부스운영에 따른 물품임대(상담테이블, 카탈로그 스탠드 등)"
9336,중소기업 대상 인재채용 지원,마감,인력,서울산업진흥원(SBA) 인재채용 지원사업 참가기업 모집,중소기업 대상 인재채용 지원,2016-07-06 ~ 2016-07-15,"서울산업진흥원(SBA) 일자리본부 일자리전략팀(02-2222-3737, seoulkgoodjob@sba.seoul.kr)",서울 소재 중소기업기본법상 중소기업,"ㅇ 지원기간 : 2016년 7월 15일 ~11월 30일
 

 ㅇ 모집기업 : 500개사(선착순)
 

 ㅇ 참가기업 지원내용
 
 - 공동채용관 홍보(연중)
 
 - 입사지원자 인성검사(월 2회)
 
 - 채용담당 면접관교육(분기별 1회)
 
 - 전문면접관 파견지원(월 20개사)
 
 - 신규채용 신입교육(월1회)
 
 - 신규채용 팀장교육(월1회) 등"
9337,‘2016 창조경제 벤처창업대전’ 포상 및 전시회 참가지원,마감,"판로,인력",2016년 창조경제 벤처창업대전 정부포상 및 전시회 참가신청 공고,‘2016 창조경제 벤처창업대전’ 포상 및 전시회 참가지원,2016-07-07 ~ 2016-08-31,"창업진흥원(042-480-4489, startup-expo@kised.or.kr)",벤처기업 및 창업기업 등,"ㅇ 포상규모
 
 - 산업 훈·포장, 대통령, 국무총리, 장관, 중기청장 표창 등 165점(국무총리 표창 이상 정부포상은 행정자치부와 협의과정에서 변경될 수 있음)
 

 ㅇ 포상 시상일정(예정)
 
 - 2016년 12월 1일(목) 14:00, 코엑스 C홀 특설무대
 

 ㅇ 2016 창조경제박람회 행사 개요(잠정)
 
 - 일시 및 장소 : ’16.12.1(목) ∼ 12.4(일), 코엑스 C홀
 
 - 주요내용 : 벤처/창업/지식서비스 활성화 유공자 시상식, 벤처・창업기업 전시회, 포럼, 상담회 등
 

 ㅇ 신청기간
 
 - 정부포상 : 2016. 7. 6(수) ~ 8. 3(수) 15:00 까지
 
 - 전시회 : 2016. 7. 6(수) ~ 8. 31(수) 18:00 까지"
